Expenses,OB_HO,Last Folder_HO,Actual_HO,Variance OB_HO,Variance LF_HO,OB_Bawal,Last Folder_Bawal,Actual_Bawal,Variance OB_Bawal,Variance LF_Bawal,OB_Chennai,Last Folder_Chennai,Actual_Chennai,Variance OB_Chennai,Variance LF_Chennai,OB_Roorkee,Last Folder_Roorkee,Actual_Roorkee,Variance OB_Roorkee,Variance LF_Roorkee,OB_T16,Last Folder_T16,Actual_T16,Variance OB_T16,Variance LF_T16,OB_NPAU,Last Folder_NPAU,Actual_NPAU,Variance OB_NPAU,Variance LF_NPAU,OB_KAU,Last Folder_KAU,Actual_KAU,Variance OB_KAU,Variance LF_KAU,OB_BAU,Last Folder_BAU,Actual_BAU,Variance OB_BAU,Variance LF_BAU,OB_Gujarat,Last Folder_Gujarat,Actual_Gujarat,Variance OB_Gujarat,Variance LF_Gujarat,OB_Total,Last Folder_Total,Actual_Total,Variance OB_Total,Variance LF_Total,Month
Salary,162033197.36211777,162033197.36211777,152431513.26,9601684.102117777,9601684.102117777,200167152.70336598,201967152.70336604,188218396.65,11948756.053365976,13748756.053366035,138016352.1586888,142164756.5786888,130215751.78000006,7800600.378688753,11949004.79868874,32719833.483659264,32719833.483659264,29408161.861376926,3311671.6222823374,3311671.6222823374,44571277.59690219,44571277.59690219,42867852.71520531,1703424.8816968799,1703424.8816968799,14600538.563668787,14600538.563668787,12351032.01,2249506.5536687877,2249506.5536687877,8366861.945082798,8366861.945082798,6597567.21,1769294.7350827977,1769294.7350827977,8543640.16993791,8543640.16993791,7922882.829999999,620757.3399379114,620757.3399379114,11013974.999999996,11013974.999999996,8178175.19,2835799.809999996,2835799.809999996,620032828.9834235,625981233.4034235,578191333.5065824,41841495.47684109,47789899.89684117,YTD Mar'19
Wages,0.0,0.0,0.0,0.0,0.0,369565004.1161097,370249984.64131266,276544465.24999994,93020538.86610979,93705519.39131272,101276134.96557371,106015470.40770489,122129582.58999999,-20853447.624426275,-16114112.182295099,14409989.76690574,14409989.76690574,13909197.8317,500791.935205739,500791.935205739,9523008.793246876,9523008.793246876,9570080.241696877,-47071.44845000096,-47071.44845000096,409188.0,409188.0,409225.33999999997,-37.339999999967404,-37.339999999967404,0.0,0.0,0.0,0.0,0.0,2630680.0,2630680.0,3010124.6799999992,-379444.67999999924,-379444.67999999924,0.0,0.0,0.0,0.0,0.0,497814005.64183605,503238321.60917014,425572675.9333968,72241329.70843923,77665645.67577332,YTD Mar'19
Tarinees,5130478.800000001,5130478.800000001,5809378.07,-678899.2699999996,-678899.2699999996,185944266.16079998,191213707.708,200141501.81000003,-14197235.649200052,-8927794.102000028,134886677.4271786,143084055.14595398,150587187.09,-15700509.662821412,-7503131.9440460205,28204078.548000004,28371920.262000006,38184144.13,-9980065.581999999,-9812223.867999997,47048377.33780245,47048377.33780245,44196317.818387106,2852059.5194153413,2852059.5194153413,19586686.542991538,19586686.542991538,19192055.68,394630.8629915379,394630.8629915379,19432082.488808714,19432082.488808714,20347631.669999998,-915549.1811912842,-915549.1811912842,15913539.0,14713539.0,12390024.81841074,3523514.1815892607,2323514.1815892607,0.0,0.0,0.0,0.0,0.0,456146186.3055812,468580847.28555673,490848241.0867979,-34702054.78121668,-22267393.80124116,YTD Mar'19
Total,167163676.16211778,167163676.16211778,158240891.32999998,8922784.832117777,8922784.832117777,755676422.9802756,763430845.0526786,664904363.71,90772059.27027571,98526481.34267873,374179164.5514411,391264282.1323477,402932521.46000004,-28753356.908558935,-11668239.32765238,75333901.79856502,75501743.51256502,81501503.82307693,-6167602.024511922,-5999760.310511921,101142663.72795153,101142663.72795153,96634250.7752893,4508412.95266222,4508412.95266222,34596413.10666032,34596413.10666032,31952313.03,2644100.0766603258,2644100.0766603258,27798944.433891512,27798944.433891512,26945198.88,853745.5538915135,853745.5538915135,27087859.16993791,25887859.16993791,23323032.328410737,3764826.841527173,2564826.841527173,11013974.999999996,11013974.999999996,8178175.19,2835799.809999996,2835799.809999996,1573993020.9308405,1597800402.2981505,1494612250.526777,79380770.40406364,103188151.77137333,YTD Mar'19
Pune Warehouse,0.0,0.0,0.0,0.0,0.0,0.0,0.0,0.0,0.0,0.0,0.0,0.0,0.0,0.0,0.0,0.0,0.0,0.0,0.0,0.0,0.0,0.0,0.0,0.0,0.0,0.0,0.0,0.0,0.0,0.0,0.0,0.0,0.0,0.0,0.0,0.0,0.0,0.0,0.0,0.0,0.0,0.0,0.0,0.0,0.0,0.0,0.0,0.0,0.0,0.0,YTD Mar'19
MSIL Sub Assembly-Gurgaon,0.0,0.0,0.0,0.0,0.0,15077580.030719994,15077580.030719994,15738058.0,-660477.9692800064,-660477.9692800064,0.0,0.0,0.0,0.0,0.0,0.0,0.0,0.0,0.0,0.0,0.0,0.0,0.0,0.0,0.0,0.0,0.0,0.0,0.0,0.0,0.0,0.0,0.0,0.0,0.0,0.0,0.0,0.0,0.0,0.0,0.0,0.0,0.0,0.0,0.0,15077580.030719994,15077580.030719994,15738058.0,-660477.9692800064,-660477.9692800064,YTD Mar'19
"MSIL Sub Assembly, Manesar",0.0,0.0,0.0,0.0,0.0,14783190.190079996,14783190.190079996,18342940.0,-3559749.8099200036,-3559749.8099200036,0.0,0.0,0.0,0.0,0.0,0.0,0.0,0.0,0.0,0.0,0.0,0.0,0.0,0.0,0.0,0.0,0.0,0.0,0.0,0.0,0.0,0.0,0.0,0.0,0.0,0.0,0.0,0.0,0.0,0.0,0.0,0.0,0.0,0.0,0.0,14783190.190079996,14783190.190079996,18342940.0,-3559749.8099200036,-3559749.8099200036,YTD Mar'19
Banglore Sub Assembly,0.0,0.0,0.0,0.0,0.0,0.0,0.0,0.0,0.0,0.0,0.0,0.0,0.0,0.0,0.0,0.0,0.0,0.0,0.0,0.0,0.0,0.0,0.0,0.0,0.0,0.0,0.0,0.0,0.0,0.0,0.0,0.0,0.0,0.0,0.0,0.0,0.0,0.0,0.0,0.0,0.0,0.0,0.0,0.0,0.0,0.0,0.0,0.0,0.0,0.0,YTD Mar'19
KAU,0.0,0.0,0.0,0.0,0.0,0.0,0.0,0.0,0.0,0.0,0.0,0.0,0.0,0.0,0.0,0.0,0.0,0.0,0.0,0.0,0.0,0.0,0.0,0.0,0.0,0.0,0.0,0.0,0.0,0.0,0.0,0.0,0.0,0.0,0.0,0.0,0.0,0.0,0.0,0.0,0.0,0.0,0.0,0.0,0.0,0.0,0.0,0.0,0.0,0.0,YTD Mar'19
AFM Hub,0.0,0.0,0.0,0.0,0.0,0.0,0.0,0.0,0.0,0.0,0.0,0.0,0.0,0.0,0.0,0.0,0.0,0.0,0.0,0.0,0.0,0.0,30000.0,-30000.0,-30000.0,0.0,0.0,0.0,0.0,0.0,0.0,0.0,0.0,0.0,0.0,0.0,0.0,0.0,0.0,0.0,0.0,0.0,0.0,0.0,0.0,0.0,0.0,30000.0,-30000.0,-30000.0,YTD Mar'19
Bilaspur,0.0,0.0,0.0,0.0,0.0,0.0,0.0,0.0,0.0,0.0,0.0,0.0,0.0,0.0,0.0,0.0,0.0,0.0,0.0,0.0,0.0,0.0,0.0,0.0,0.0,0.0,0.0,0.0,0.0,0.0,0.0,0.0,0.0,0.0,0.0,0.0,0.0,0.0,0.0,0.0,0.0,0.0,0.0,0.0,0.0,0.0,0.0,0.0,0.0,0.0,YTD Mar'19
AFM Kolkata,0.0,0.0,0.0,0.0,0.0,0.0,0.0,0.0,0.0,0.0,0.0,0.0,0.0,0.0,0.0,60000.0,60000.0,0.0,60000.0,60000.0,0.0,0.0,0.0,0.0,0.0,0.0,0.0,0.0,0.0,0.0,0.0,0.0,0.0,0.0,0.0,0.0,0.0,0.0,0.0,0.0,0.0,0.0,0.0,0.0,0.0,60000.0,60000.0,0.0,60000.0,60000.0,YTD Mar'19
TOTAL Warehouses (D),0.0,0.0,0.0,0.0,0.0,29860770.22079999,29860770.22079999,34080998.0,-4220227.77920001,-4220227.77920001,0.0,0.0,0.0,0.0,0.0,60000.0,60000.0,0.0,60000.0,60000.0,0.0,0.0,30000.0,-30000.0,-30000.0,0.0,0.0,0.0,0.0,0.0,0.0,0.0,0.0,0.0,0.0,0.0,0.0,0.0,0.0,0.0,0.0,0.0,0.0,0.0,0.0,29920770.22079999,29920770.22079999,34110998.0,-4190227.77920001,-4190227.77920001,YTD Mar'19
Subcontractors,0.0,0.0,0.0,0.0,0.0,1207702.2312,1207702.2312,1207702.2312,0.0,0.0,17002635.0,17002635.0,17002635.0,0.0,0.0,6329418.999999999,6329418.999999999,7483255.53,-1153836.5300000012,-1153836.5300000012,0.0,0.0,0.0,0.0,0.0,0.0,0.0,0.0,0.0,0.0,0.0,0.0,0.0,0.0,0.0,871488.0,871488.0,401318.8841332391,470169.1158667609,470169.1158667609,0.0,0.0,0.0,0.0,0.0,25411244.2312,25411244.2312,26094911.645333238,-683667.4141332395,-683667.4141332395,YTD Mar'19
Assigned Personnels(Incl I.Tax Paid),0.0,0.0,0.0,0.0,0.0,0.0,0.0,0.0,0.0,0.0,0.0,0.0,0.0,0.0,0.0,0.0,0.0,0.0,0.0,0.0,0.0,0.0,0.0,0.0,0.0,0.0,0.0,0.0,0.0,0.0,0.0,0.0,0.0,0.0,0.0,0.0,0.0,0.0,0.0,0.0,0.0,0.0,0.0,0.0,0.0,0.0,0.0,0.0,0.0,0.0,YTD Mar'19
Good Work Reward,0.0,0.0,0.0,0.0,0.0,720000.0,720000.0,2443686.0,-1723686.0,-1723686.0,1185800.0,1185800.0,4709439.0,-3523639.0,-3523639.0,0.0,0.0,0.0,0.0,0.0,0.0,0.0,0.0,0.0,0.0,0.0,0.0,0.0,0.0,0.0,0.0,0.0,0.0,0.0,0.0,10000.0,10000.0,0.0,10000.0,10000.0,0.0,0.0,0.0,0.0,0.0,1915800.0,1915800.0,7153125.0,-5237325.0,-5237325.0,YTD Mar'19
Attendance Incentive,0.0,0.0,0.0,0.0,0.0,935100.0,935100.0,262785.0,672315.0,672315.0,1126918.9716120001,1177918.971612,683200.0,443718.97161200014,494718.9716119999,239700.0,239700.0,90942.0,148758.0,148758.0,270000.0,270000.0,0.0,270000.0,270000.0,0.0,0.0,0.0,0.0,0.0,0.0,0.0,0.0,0.0,0.0,0.0,0.0,0.0,0.0,0.0,0.0,0.0,0.0,0.0,0.0,2571718.971612,2622718.971612,1036927.0,1534791.971612,1585791.971612,YTD Mar'19
Night Attendance Incentive to Operators,0.0,0.0,0.0,0.0,0.0,1350700.0,1350700.0,1180820.0,169880.0,169880.0,0.0,0.0,0.0,0.0,0.0,0.0,0.0,0.0,0.0,0.0,0.0,0.0,0.0,0.0,0.0,0.0,0.0,0.0,0.0,0.0,0.0,0.0,0.0,0.0,0.0,0.0,0.0,0.0,0.0,0.0,0.0,0.0,0.0,0.0,0.0,1350700.0,1350700.0,1180820.0,169880.0,169880.0,YTD Mar'19
Leave Encashment,0.0,0.0,0.0,0.0,0.0,8990088.08421873,8990088.08421873,9465051.0,-474962.9157812707,-474962.9157812707,6155045.384615391,6421622.338461546,5932020.0,223025.38461539056,489602.3384615462,334903.07692307694,334903.07692307694,306994.4871794872,27908.58974358975,27908.58974358975,266080.7384615385,266080.7384615385,217547.99999999942,48532.73846153909,48532.73846153909,11200.000000000002,11200.000000000002,18440.44,-7240.439999999997,-7240.439999999997,0.0,0.0,0.0,0.0,0.0,0.0,0.0,100037.04,-100037.04,-100037.04,0.0,0.0,0.0,0.0,0.0,15757317.284218736,16023894.23806489,16040090.967179487,-282773.68296075054,-16196.7291145958,YTD Mar'19
Overtime,0.0,0.0,0.0,0.0,0.0,1000000.0000000001,1000000.0000000001,2560412.0,-1560412.0,-1560412.0,8300000.0,8654231.01401923,9862035.890000002,-1562035.8900000025,-1207804.875980772,1042860.769230769,1042860.769230769,2128988.0,-1086127.230769231,-1086127.230769231,957890.6584615383,957890.6584615383,2873161.0,-1915270.3415384619,-1915270.3415384619,25846.15384615384,25846.15384615384,17200.0,8646.15384615384,8646.15384615384,0.0,0.0,0.0,0.0,0.0,600000.0,600000.0,651149.0,-51149.0,-51149.0,0.0,0.0,0.0,0.0,0.0,11926597.581538461,12280828.595557693,18092945.89,-6166348.308461539,-5812117.294442307,YTD Mar'19
Bonus & Ex-Gratia (workers),0.0,0.0,0.0,0.0,0.0,28141315.0,28141315.0,28070883.900000002,70431.09999999776,70431.09999999776,9166666.782289864,9591666.782289864,9854881.0,-688214.2177101355,-263214.2177101355,1024600.0000000001,1024600.0000000001,1094525.5897435897,-69925.58974358963,-69925.58974358963,1039999.9999999999,1039999.9999999999,974288.0,65711.99999999988,65711.99999999988,0.0,0.0,15544.0,-15544.0,-15544.0,0.0,0.0,0.0,0.0,0.0,172070.0,172070.0,121924.0,50146.0,50146.0,0.0,0.0,0.0,0.0,0.0,39544651.78228986,39969651.78228986,40132046.4897436,-587394.7074537352,-162394.70745373517,YTD Mar'19
Bonus & Ex-Gratia (Trainees),0.0,0.0,0.0,0.0,0.0,4695797.057049001,4729985.141342999,7872528.04,-3176730.9829509994,-3142542.8986570006,0.0,0.0,0.0,0.0,0.0,0.0,0.0,85383.0,-85383.0,-85383.0,0.0,0.0,0.0,0.0,0.0,0.0,0.0,0.0,0.0,0.0,0.0,0.0,0.0,0.0,0.0,0.0,0.0,0.0,0.0,0.0,0.0,0.0,0.0,0.0,0.0,4695797.057049001,4729985.141342999,7957911.04,-3262113.9829509994,-3227925.8986570006,YTD Mar'19
Production Incentive,0.0,0.0,0.0,0.0,0.0,58172100.0,58172100.0,57200009.29,972090.7100000009,972090.7100000009,11468801.120000003,12008801.120000003,13628899.0,-2160097.879999997,-1620097.879999997,0.0,0.0,0.0,0.0,0.0,1152000.0,1152000.0,949506.0,202494.0,202494.0,0.0,0.0,0.0,0.0,0.0,0.0,0.0,0.0,0.0,0.0,135200.0,135200.0,119755.0,15445.0,15445.0,0.0,0.0,0.0,0.0,0.0,70928101.12,71468101.12,71898169.28999999,-970068.1699999869,-430068.1699999869,YTD Mar'19
TOTAL SubContract( E),0.0,0.0,0.0,0.0,0.0,105212802.37246773,105246990.45676172,110263877.4612,-5051075.088732271,-5016887.004438273,54405867.25851726,56042675.22638264,61673109.89,-7267242.631482745,-5630434.663617359,8971482.846153846,8971482.846153846,11190088.606923077,-2218605.760769232,-2218605.760769232,3685971.396923077,3685971.396923077,5014503.0,-1328531.6030769227,-1328531.6030769227,37046.153846153844,37046.153846153844,51184.44,-14138.286153846157,-14138.286153846157,0.0,0.0,0.0,0.0,0.0,1788758.0,1788758.0,1394183.924133239,394574.0758667609,394574.0758667609,0.0,0.0,0.0,0.0,0.0,174101928.02790806,175772924.08006746,189586947.32225633,-15485019.294348251,-13814023.242188867,YTD Mar'19
Recruitment ,1289732.0,1289732.0,142724.2,1147007.8,1147007.8,107712.0,107712.0,378110.5,-270398.5,-270398.5,119328.0,119328.0,59652.0,59676.0,59676.0,40867.19999999999,40867.19999999999,0.0,40867.19999999999,40867.19999999999,40524.0,40524.0,287397.5,-246873.5,-246873.5,17160.0,17160.0,30498.0,-13338.0,-13338.0,15799.999999999993,15799.999999999993,0.0,15799.999999999993,15799.999999999993,10560.0,10560.0,0.0,10560.0,10560.0,202800.0,202800.0,0.0,202800.0,202800.0,1844483.2,1844483.2,898382.2,946101.0,946101.0,YTD Mar'19
Training,1896994.6734161878,1896994.6734161878,629760.0,1267234.6734161878,1267234.6734161878,2719912.0,2719912.0,1458148.1,1261763.9,1261763.9,5400000.0,5539663.0,3876992.06,1523007.94,1662670.94,1554024.0,1554024.0,881811.0,672213.0,672213.0,1722997.6573457834,1722997.6573457834,239154.4516129032,1483843.2057328802,1483843.2057328802,848648.0401567357,848648.0401567357,8401.0,840247.0401567357,840247.0401567357,146474.60317460317,146474.60317460317,227.0,146247.60317460317,146247.60317460317,134000.0,134000.0,29805.0,104195.0,104195.0,1000000.0000000001,1000000.0000000001,0.0,1000000.0000000001,1000000.0000000001,15423050.974093309,15562713.974093309,7124298.611612903,8298752.362480406,8438415.362480406,YTD Mar'19
TOTAL Recruitment(F),3186726.673416188,3186726.673416188,772484.2,2414242.473416188,2414242.473416188,2827624.0,2827624.0,1836258.6,991365.3999999999,991365.3999999999,5519328.0,5658991.0,3936644.06,1582683.94,1722346.94,1594891.2,1594891.2,881811.0,713080.2,713080.2,1763521.6573457834,1763521.6573457834,526551.9516129033,1236969.7057328802,1236969.7057328802,865808.0401567357,865808.0401567357,38899.0,826909.0401567357,826909.0401567357,162274.60317460317,162274.60317460317,227.0,162047.60317460317,162047.60317460317,144560.0,144560.0,29805.0,114755.0,114755.0,1202800.0,1202800.0,0.0,1202800.0,1202800.0,17267534.17409331,17407197.17409331,8022680.811612903,9244853.362480406,9384516.362480406,YTD Mar'19
Canteen,1578400.0,1578400.0,1629305.0399999998,-50905.039999999804,-50905.039999999804,31552620.544,31165859.784,28931321.059999954,2621299.484000046,2234538.724000048,33607466.79745425,34627310.76745766,35195931.769999996,-1588464.972545743,-568621.0025423393,6956693.367746402,6976073.367746402,6567225.3100000005,389468.05774640106,408848.05774640106,4314310.2639999995,4314310.2639999995,4199862.87,114447.39399999939,114447.39399999939,1114219.4400000002,1114219.4400000002,852037.1,262182.3400000002,262182.3400000002,2623591.2000000007,2623591.2000000007,1901944.2000000002,721647.0000000005,721647.0000000005,2878416.0,2878416.0,2096739.3800000001,781676.6199999999,781676.6199999999,386568.0,386568.0,0.0,386568.0,386568.0,85012285.61320065,85664748.82320406,81374366.72999994,3637918.883200705,4290382.093204111,YTD Mar'19
Employee Claim / Refreshmnent,810394.9999999999,810394.9999999999,637088.3599999996,173306.64000000025,173306.64000000025,1666040.0,1666040.0,2777692.7,-1111652.7000000002,-1111652.7000000002,360000.0,366000.0,621586.5,-261586.5,-255586.5,4000.0000000000005,4000.0000000000005,0.0,4000.0000000000005,4000.0000000000005,50000.0,50000.0,4792.0,45208.0,45208.0,24000.0,24000.0,0.0,24000.0,24000.0,80900.0,80900.0,0.0,80900.0,80900.0,24000.0,24000.0,73753.0,-49753.0,-49753.0,0.0,0.0,0.0,0.0,0.0,3019335.0,3025335.0,4114912.5599999996,-1095577.5599999996,-1089577.5599999996,YTD Mar'19
Suggestion Scheme,0.0,0.0,0.0,0.0,0.0,253900.0,253900.0,253900.0,0.0,0.0,738000.0,738000.0,224414.0,513586.0,513586.0,0.0,0.0,0.0,0.0,0.0,42600.0,42600.0,0.0,42600.0,42600.0,12600.0,12600.0,0.0,12600.0,12600.0,71568.0,71568.0,0.0,71568.0,71568.0,86400.0,86400.0,0.0,86400.0,86400.0,0.0,0.0,0.0,0.0,0.0,1205068.0,1205068.0,478314.0,726754.0,726754.0,YTD Mar'19
Family Visits,0.0,0.0,0.0,0.0,0.0,306800.0,306800.0,306800.0,0.0,0.0,541800.0,541800.0,0.0,541800.0,541800.0,0.0,0.0,0.0,0.0,0.0,55000.00000000001,55000.00000000001,0.0,55000.00000000001,55000.00000000001,20000.0,20000.0,0.0,20000.0,20000.0,24000.0,24000.0,0.0,24000.0,24000.0,75000.0,75000.0,0.0,75000.0,75000.0,0.0,0.0,0.0,0.0,0.0,1022600.0,1022600.0,306800.0,715800.0,715800.0,YTD Mar'19
Employee Engagement Activities,539000.0,539000.0,0.0,539000.0,539000.0,446000.0,446000.0,446000.0,0.0,0.0,324000.0,324000.0,287067.0,36933.0,36933.0,973714.5,973714.5,543440.19,430274.31000000006,430274.31000000006,192400.0,192400.0,121815.0,70585.0,70585.0,24000.0,24000.0,34972.6,-10972.599999999999,-10972.599999999999,102000.0,102000.0,27707.92,74292.08,74292.08,60000.0,60000.0,43396.0,16604.0,16604.0,6800.84092125036,6388.668744204884,0.0,6800.84092125036,6388.668744204884,2667915.34092125,2667503.168744205,1504398.71,1163516.6309212502,1163104.458744205,YTD Mar'19
Director's Party/ Others,0.0,0.0,0.0,0.0,0.0,582000.0,582000.0,485950.0,96050.0,96050.0,445050.0,475050.0,314345.0,130705.0,160705.0,0.0,0.0,0.0,0.0,0.0,136125.0,136125.0,198360.0,-62235.0,-62235.0,50000.0,50000.0,26458.0,23542.0,23542.0,50000.0,50000.0,0.0,50000.0,50000.0,120000.0,120000.0,41817.81,78182.19,78182.19,0.0,0.0,0.0,0.0,0.0,1383175.0,1413175.0,1066930.81,316244.18999999994,346244.18999999994,YTD Mar'19
QC circle,0.0,0.0,0.0,0.0,0.0,921000.0,921000.0,480992.45999999996,440007.54000000004,440007.54000000004,1122000.0,1187050.0,538257.0,583743.0,648793.0,0.0,0.0,0.0,0.0,0.0,172425.0,172425.0,156631.0,15794.0,15794.0,10500.0,10500.0,0.0,10500.0,10500.0,60000.0,60000.0,0.0,60000.0,60000.0,0.0,0.0,0.0,0.0,0.0,0.0,0.0,0.0,0.0,0.0,2285925.0,2350975.0,1175880.46,1110044.54,1175094.54,YTD Mar'19
Sports,0.0,0.0,0.0,0.0,0.0,1188810.0,1188810.0,1330769.05,-141959.05000000005,-141959.05000000005,1293408.0158179011,905385.6110725307,0.0,1293408.0158179011,905385.6110725307,179988.065,179988.065,0.0,179988.065,179988.065,33000.0,33000.0,0.0,33000.0,33000.0,15000.0,15000.0,0.0,15000.0,15000.0,20000.0,20000.0,0.0,20000.0,20000.0,35000.0,35000.0,51280.0,-16280.0,-16280.0,0.0,0.0,0.0,0.0,0.0,2765206.080817901,2377183.676072531,1382049.05,1383157.030817901,995134.6260725309,YTD Mar'19
Social Activities,0.0,0.0,0.0,0.0,0.0,644640.0,644640.0,1847228.0,-1202588.0,-1202588.0,137400.0,137400.0,85235.0,52165.0,52165.0,500.0,500.0,0.0,500.0,500.0,0.0,0.0,0.0,0.0,0.0,0.0,0.0,0.0,0.0,0.0,22000.0,22000.0,0.0,22000.0,22000.0,35000.0,35000.0,0.0,35000.0,35000.0,0.0,0.0,0.0,0.0,0.0,839540.0,839540.0,1932463.0,-1092923.0,-1092923.0,YTD Mar'19
Club,0.0,0.0,0.0,0.0,0.0,716460.0,716460.0,397973.46,318486.54,318486.54,0.0,0.0,0.0,0.0,0.0,0.0,0.0,0.0,0.0,0.0,0.0,0.0,0.0,0.0,0.0,0.0,0.0,0.0,0.0,0.0,0.0,0.0,0.0,0.0,0.0,0.0,0.0,0.0,0.0,0.0,0.0,0.0,0.0,0.0,0.0,716460.0,716460.0,397973.46,318486.54,318486.54,YTD Mar'19
Gifts,676400.0,676400.0,647000.0,29400.0,29400.0,7706825.0,7868090.0,10538724.1,-2831899.0999999996,-2670634.0999999996,5971399.053291665,6260854.653291664,8147231.3,-2175832.2467083344,-1886376.6467083357,305798.95499999996,305798.95499999996,284544.0,21254.954999999958,21254.954999999958,25000.0,25000.0,20000.0,5000.0,5000.0,93502.0,93502.0,92091.0,1411.0,1411.0,98053.0,98053.0,93001.0,5052.0,5052.0,352504.0,352504.0,259324.0,93180.0,93180.0,13563.870564327028,13563.870564327028,0.0,13563.870564327028,13563.870564327028,15243045.878855992,15693766.478855992,20081915.4,-4838869.521144006,-4388148.921144007,YTD Mar'19
Insurance,779742.0,779742.0,689461.33,90280.67000000004,90280.67000000004,11749162.666666664,11776252.666666664,12899945.0,-1150782.3333333358,-1123692.3333333358,5981222.256999998,6227224.056999998,5396593.960000001,584628.2969999975,830630.0969999973,1717593.2999999996,1717593.2999999996,1596373.0,121220.29999999958,121220.29999999958,1094387.175,1094387.175,1023145.0,71242.17500000005,71242.17500000005,73500.0,73500.0,190456.07,-116956.07,-116956.07,31815.0,31815.0,299750.25,-267935.25,-267935.25,0.0,0.0,0.0,0.0,0.0,144758.29565217395,144758.29565217395,0.0,144758.29565217395,144758.29565217395,21572180.69431884,21845272.494318835,22095724.61,-523543.915681161,-250452.11568116397,YTD Mar'19
Vehicles For Staff at plant,0.0,0.0,0.0,0.0,0.0,0.0,0.0,0.0,0.0,0.0,38361603.497899234,43426323.497899234,41943042.22,-3581438.7221007645,1483281.2778992355,3255457.7999999993,3255457.7999999993,2716129.5,539328.2999999993,539328.2999999993,4304774.5200000005,4304774.5200000005,4232160.720000001,72613.79999999981,72613.79999999981,0.0,0.0,0.0,0.0,0.0,0.0,0.0,0.0,0.0,0.0,0.0,0.0,470320.0,-470320.0,-470320.0,0.0,0.0,0.0,0.0,0.0,45921835.817899235,50986555.817899235,49361652.44,-3439816.622100763,1624903.377899237,YTD Mar'19
Bus Hiring For Staff-Plant,0.0,0.0,0.0,0.0,0.0,31736006.033999998,31736006.033999998,30786266.68,949739.3539999984,949739.3539999984,0.0,0.0,0.0,0.0,0.0,0.0,0.0,0.0,0.0,0.0,0.0,0.0,0.0,0.0,0.0,1719900.0,1719900.0,2051568.84,-331668.8400000001,-331668.8400000001,2179800.0,2179800.0,2206496.96,-26696.959999999963,-26696.959999999963,2824534.7999999993,2824534.7999999993,2221040.0,603494.7999999993,603494.7999999993,0.0,0.0,0.0,0.0,0.0,38460240.83399999,38460240.83399999,37265372.48,1194868.3539999947,1194868.3539999947,YTD Mar'19
Safety Wear,19740.0,19740.0,3300.0,16440.0,16440.0,6235789.333333334,6235789.333333334,6406809.329999999,-171019.9966666652,-171019.9966666652,2377610.072,2382235.072,2432041.69,-54431.617999999784,-49806.617999999784,1041031.589,1041031.589,1381463.2,-340431.6109999999,-340431.6109999999,821193.0,821193.0,879344.0900000001,-58151.090000000084,-58151.090000000084,195050.0,195050.0,140223.0,54827.0,54827.0,188198.49999999997,188198.49999999997,296802.82,-108604.32000000004,-108604.32000000004,249650.0,249650.0,225779.0,23871.0,23871.0,57090.18273007759,57090.18273007759,0.0,57090.18273007759,57090.18273007759,11185352.677063411,11189977.677063411,11765763.129999999,-580410.4529365879,-575785.4529365879,YTD Mar'19
Medical Expenses,39287.0,39287.0,43665.0,-4378.0,-4378.0,1898902.4999999993,1898902.4999999993,1582850.65,316051.8499999994,316051.8499999994,1261000.0,1279000.0,519255.91000000003,741744.09,759744.09,296728.2,296728.2,603755.78,-307027.58,-307027.58,327825.0,327825.0,313778.0,14047.0,14047.0,42000.0,42000.0,15314.0,26686.0,26686.0,24000.0,24000.0,4106.0,19894.0,19894.0,180000.0,180000.0,162879.4,17120.600000000006,17120.600000000006,15509.35116935763,15509.35116935763,0.0,15509.35116935763,15509.35116935763,4085252.051169357,4103252.051169357,3245604.7399999998,839647.311169357,857647.311169357,YTD Mar'19
TOTAL Welfare(G),4442964.0,4442964.0,3649819.7299999995,793144.2700000005,793144.2700000005,97604956.078,97406550.31799999,99473222.48999996,-1868266.411999957,-2066672.1719999549,92521959.69346306,98877633.65872109,95705001.35,-3183041.6565369433,3172632.308721089,14731505.776746398,14750885.776746398,13692930.979999999,1038574.7967463997,1057954.7967463997,11569039.958999999,11569039.958999999,11149888.68,419151.27899999917,419151.27899999917,3394271.4400000004,3394271.4400000004,3403120.6100000003,-8849.169999999867,-8849.169999999867,5575925.700000001,5575925.700000001,4829809.15,746116.5500000005,746116.5500000005,6920504.799999999,6920504.799999999,5646328.59,1274176.2099999993,1274176.2099999993,624290.5410371866,623878.368860141,0.0,624290.5410371866,623878.368860141,237385417.98824662,243561654.0213276,237550121.5799999,-164703.5917533096,6011532.441327676,YTD Mar'19
TOTAL COST,174793366.83553398,174793366.83553398,162663195.25999996,12130171.575533964,12130171.575533964,991182575.6515434,998772780.0482403,910558720.2612001,80623855.39034347,88214059.78704049,526626319.5034214,551843582.0174514,564247276.76,-37620957.256578624,-12403694.742548648,100691781.62146525,100879003.33546525,107266334.41000001,-6574552.788534755,-6387331.074534753,118161196.74122038,118161196.74122038,113355194.4069022,4806002.334318177,4806002.334318177,38893538.74066321,38893538.74066321,35445517.080000006,3448021.6606632154,3448021.6606632154,33537144.73706612,33537144.73706612,31775235.03,1761909.7070661173,1761909.7070661173,35941681.969937906,34741681.969937906,30393349.842543975,5548332.127393933,4348332.127393933,12841065.541037183,12840653.368860137,8178175.19,4662890.351037183,4662478.178860137,2032668671.3418884,2064462947.7944388,1963882998.2406461,68785673.10124247,100579949.55379252,YTD Mar'19
HO Allocated Cost,0.0,0.0,0.0,0.0,0.0,0.0,0.0,0.0,0.0,0.0,0.0,0.0,0.0,0.0,0.0,0.0,0.0,0.0,0.0,0.0,0.0,0.0,0.0,0.0,0.0,0.0,0.0,0.0,0.0,0.0,0.0,0.0,0.0,0.0,0.0,0.0,0.0,0.0,0.0,0.0,0.0,0.0,0.0,0.0,0.0,0.0,0.0,0.0,0.0,0.0,YTD Mar'19
Grand Total,174793366.83553398,174793366.83553398,162663195.25999996,12130171.575534016,12130171.575534016,991182575.6515434,998772780.0482403,910558720.2612001,80623855.39034331,88214059.78704023,526626319.5034214,551843582.0174514,564247276.76,-37620957.256578565,-12403694.742548585,100691781.62146525,100879003.33546525,107266334.41000001,-6574552.7885347605,-6387331.074534759,118161196.74122038,118161196.74122038,113355194.4069022,4806002.334318191,4806002.334318191,38893538.74066321,38893538.74066321,35445517.080000006,3448021.6606632024,3448021.6606632024,33537144.73706612,33537144.73706612,31775235.03,1761909.7070661187,1761909.7070661187,35941681.969937906,34741681.969937906,30393349.842543975,5548332.127393931,4348332.127393931,12841065.541037183,12840653.368860137,8178175.19,4662890.351037183,4662478.178860136,2032668671.3418884,2064462947.7944388,1963882998.2406461,68785673.1012423,100579949.55379272,YTD Mar'19
